<?xml version="1.0" encoding="UTF-8"?>
<metadata>
  <groupId>org.codehaus.mojo</groupId>
  <artifactId>findbugs-maven-plugin</artifactId>
  <versioning>
    <latest>2.5.2</latest>
    <release>2.5.2</release>
    <versions>
      <version>1.0-beta-1</version>
      <version>1.0.0</version>
      <version>1.1</version>
      <version>1.1.1</version>
      <version>1.2</version>
      <version>2.0</version>
      <version>2.0.1</version>
      <version>2.1</version>
      <version>2.2</version>
      <version>2.3</version>
      <version>2.3.1</version>
      <version>2.3.2</version>
      <version>2.3.3</version>
      <version>2.4.0</version>
      <version>2.5</version>
      <version>2.5.1</version>
      <version>2.5.2</version>
    </versions>
    <lastUpdated>20120803031117</lastUpdated>
  </versioning>
</metadata>
